"","Boligareal","Grundareal","Ejerudgifter_pr__md_","Pris_m_","Netto_ekskl__ejerudgifter","pris"
"1",93,408,940,5396,2198,544996
"3",108,681,1885,8185,4909,1195010
"4",171,723,1159,6948,5126,1195056
"5",153,163,1381,7538,4269,995016
"7",136,1162,1446,7896,7275,1594992
"9",185,712,1325,6921,6823,1494936
"10",202,5500,1187,1995,1717,399000
"11",180,736,1814,2220,2137,495060
"12",105,261,1381,6495,2975,694965
"13",95,505,1205,3434,2051,497930
"14",138,895,1342,2745,1729,398025
"15",83,704,1062,5874,3107,699006
"17",112,3142,1361,3904,2984,694912
"18",188,10000,1629,7705,6741,1695100
"19",232,1017,2580,9897,9463,2395074
"21",229,3655,2933,14043,16239,3595008
"23",116,600,1245,6310,3202,795060
"24",165,714,1751,10026,8041,1894914
"25",287,1346,2634,13729,17155,3995139
"26",150,356,1698,12295,7317,1795070
"27",143,820,2129,14831,9430,2194988
"28",205,5586,1866,5601,5235,1249023
"29",112,1467,1761,6384,3477,798000
"30",130,805,1495,5951,3631,845042
"32",128,711,1429,6353,3544,844949
"33",113,780,1533,6897,3473,800052
"34",96,962,1394,3657,1611,394956
"35",280,2053,1675,2925,3517,895050
"36",108,446,4416,34216,16083,3797976
"38",112,855,1064,2762,1699,394966
"39",130,501,2164,9250,5532,1295000
"40",171,2521,1612,8017,5954,1394958
"41",160,1116,2404,10452,7870,1850004
"43",87,292,1150,8947,3663,849965
"44",142,535,878,4966,3052,725036
"45",155,752,1567,7331,5142,1194953
"46",167,957,1534,5137,4825,1125003
"47",144,1937,2143,9034,6446,1599018
"48",89,773,1171,9835,3866,894985
"49",102,350,1120,4762,2275,500010
"50",137,374,1379,5226,3014,695058
"52",144,695,1579,4018,2899,675024
"53",141,924,1546,4245,2888,674955
"54",78,508,1336,4866,2243,544992
"55",175,918,1422,4877,4242,994908
"56",144,2729,1258,5382,3601,844974
"57",235,6946,1808,8600,11100,2795000
"58",73,155,1379,34214,10125,2394980
"59",197,1301,2798,22512,19172,4795056
"60",82,591,1409,1965,1713,394965
"61",126,485,1420,4129,2222,545028
"62",158,682,1594,3344,2427,545072
"63",201,1190,1647,4941,4302,998082
"64",114,767,1459,4596,2779,625056
"65",121,816,1495,8588,4861,1125028
"67",117,1174,1291,11341,5931,1394943
"69",58,368,1357,5060,1824,425040
"70",100,471,1158,4578,2152,499002
"71",100,483,1213,6888,2889,675024
"72",360,13518,4535,32461,26453,6200051
"73",120,823,1925,7143,3665,850017
"74",65,920,1259,4275,1265,294975
"76",102,1261,1678,9299,4293,994993
"77",113,549,1700,3542,1841,425040
"78",58,4669,1129,9917,2590,595020
"79",99,1162,1719,11345,5779,1350055
"80",152,19714,2712,10316,7324,1794984
"81",173,948,3041,9040,9370,2495040
"82",183,905,2052,10470,8031,1895070
"83",61,1315,1972,21325,9917,2495025
"84",160,753,1597,7516,5309,1195044
"85",235,3200,2914,3285,3408,794970
"86",63,45,1427,9154,2572,595010
"88",162,713,1912,8185,5581,1375080
"89",250,2585,2310,7255,8438,1995125
"90",108,911,1579,6795,3410,795015
"91",126,1385,1519,5597,3057,749998
"92",195,15000,4016,7257,6323,1494942
"93",105,1031,1304,7974,3937,924984
"94",153,1101,2007,10095,6728,1595010
"95",123,681,1700,10444,5677,1295056
"96",157,762,2231,10581,8553,2095038
"97",165,1000,1192,9605,4453,1094970
"100",228,2080,3068,10516,11210,2650032
"101",102,869,1207,4297,2276,550016
"103",114,995,1320,5148,2980,694980
"104",188,1204,2526,11551,10622,2495016
"106",101,791,1682,6028,3607,849948
"109",131,716,1852,14778,8487,1995030
"110",136,884,1489,3324,2580,594996
"111",134,468,2190,8520,5564,1295040
"112",148,968,1534,5349,4276,994914
"113",214,772,1961,6795,6396,1494900
"115",128,1379,1238,4891,2893,674958
"116",312,15400,2368,7097,12676,2994934
"117",114,744,4539,30231,20606,4443957
"118",177,861,4749,34672,27383,6344976
"119",184,1037,7030,58797,47429,10995039
"120",170,1314,1877,7010,6143,1394990
"121",115,1259,986,2885,1519,375050
"122",121,875,1199,5880,2941,735000
"123",158,2564,1392,4942,3866,845082
"124",110,413,1195,5043,2519,584988
"125",148,1661,1173,4448,2781,644960
"126",73,1000,1140,4279,1950,445016
"127",103,800,1277,5042,2576,594956
"128",106,733,1402,4583,2158,494964
"129",261,391,1323,1660,1974,444880
"132",200,315,1147,3341,3070,694928
"133",276,1789,2769,17727,20952,4999014
"134",145,1140,1622,3914,2583,594928
"135",83,1000,1051,7989,3008,695043
"136",130,836,1252,4220,2283,595020
"137",258,713,951,2926,3293,825132
"138",175,800,1153,2147,1704,395048
"139",144,834,1064,5000,2834,745000
"140",118,700,1117,4683,2655,590058
"141",151,443,914,1941,1145,295032
"142",84,471,723,3916,1405,325028
"143",119,733,1071,4722,2346,594972
"144",151,797,1137,5605,2987,695020
"145",114,1073,1303,5697,2987,695034
"146",161,1040,1435,5909,4163,974985
"147",368,4308,2338,8810,14660,3198030
"149",89,1254,2629,14969,9840,2395040
"150",198,901,2977,21708,15035,3494988
"152",143,525,1494,3206,3401,795088
"153",61,265,768,6972,2299,495012
"154",208,298441,6598,92593,84611,20000088
"156",170,725,2592,19393,16946,3994958
"159",137,33196,2635,10925,6822,1595050
"160",108,886,1755,5085,2582,594945
"161",232,2892,2031,6510,6761,1594950
"163",100,1902,1684,5521,3398,795024
"166",166,5780,1786,6988,5079,1194948
"167",122,1300,1552,5719,3398,794941
"168",161,1623,1717,4688,3198,750080
"170",122,1039,2072,12400,6580,1550000
"171",134,900,1329,6958,4316,994994
"172",151,1091,1528,5594,3849,895040
"173",112,273,1639,5346,3060,694980
"174",124,2050,1813,7518,4494,1045002
"175",64,776,1001,3819,1171,274968
"176",164,2199,1740,2926,2382,550088
"177",167,1326,1511,5357,4203,974974
"178",352,614,3635,45413,21106,4950017
"180",140,700,1039,2705,1700,394930
"181",160,266,942,1845,1422,345015
"182",151,16968,1788,9268,7147,1797992
"184",124,351,1302,6784,3405,848000
"185",210,918,2386,7264,7262,1598080
"186",91,1542,1051,6821,2853,647995
"187",201,1018,1765,3859,3439,794954
"188",92,384,1467,10817,5175,1298040
"190",167,723,2073,7544,5713,1274936
"191",119,2226,1160,2462,1395,324984
"192",140,358,1196,4048,2565,595056
"193",80,967,1037,5706,2110,485010
"194",110,1026,1062,3879,1949,449964
"195",137,1159,1138,3628,2571,594992
"196",143,998,1324,6844,4689,1095040
"197",144,218,1353,7057,4470,995037
"198",102,718,1589,4603,2981,695053
"199",225,1346,2812,7860,7715,1744920
"200",102,530,1252,5275,2485,574975
"201",137,1065,1478,8633,5558,1294950
"203",183,631,1712,6694,5280,1245084
"204",96,439,1142,5392,2363,549984
"205",109,417,1177,5991,2638,694956
"206",165,3307,2701,18934,15787,3995074
"207",270,2705,3678,4360,5900,1294920
"208",126,1119,1622,9586,5805,1274938
"209",350,3846,1833,8757,12676,2994894
"211",83,2975,2007,7165,2638,695005
"212",150,3219,1226,13808,7620,1795040
"214",85,860,2929,33505,13996,3249985
"215",301,1007,4742,79563,35218,8194989
"216",131,3814,1435,4826,2899,694944
"217",86,821,5756,39375,17643,4095000
"218",87,785,3190,42810,20737,4495050
"219",116,862,1099,4304,2063,494960
"220",195,10954,3061,3472,5554,1295056
"221",248,1019,2276,7387,7033,1795041
"223",138,1012,1337,4545,2782,649935
"224",126,562,1035,3295,1873,434940
"225",151,586,1100,4154,2434,564944
"227",123,888,1327,6589,3624,849981
"228",133,583,1202,5719,3403,794941
"229",88,985,1451,5285,2782,650055
"230",170,825,1477,4006,3091,725086
"231",100,986,1185,6814,2981,695028
"234",210,1879,1547,2847,2561,595023
"235",200,552,1303,3822,3403,794976
"236",106,1022,1337,3958,2051,474960
"238",111,428,1113,5042,2561,594956
"239",166,772,1527,4017,2981,694941
"242",72,804,838,4867,1562,365025
"243",184,2068,1540,3209,2759,645009
"244",130,672,1168,2948,1695,395032
"245",126,777,1327,5955,3416,797970
"246",200,1180,1592,3587,3512,825010
"248",134,836,1526,6204,3624,849948
"249",128,8630,1225,4137,2981,695016
"252",134,765,1296,5667,3420,799047
"254",103,453,836,4798,2482,594952
"255",154,1000,1141,4161,2678,644955
"256",115,1167,1111,5300,3414,795000
"257",164,964,1142,2982,2171,495012
"258",127,767,1044,2500,1642,395000
"259",189,1376,10690,61905,56198,13000050
"260",146,788,6601,79667,51525,11950050
"261",187,911,8471,82169,77710,17995011
"262",203,594,14238,102675,107527,24950025
"264",138,930,1834,9263,6151,1445028
"265",138,898,1988,6514,4054,924988
"266",127,840,1858,11853,7233,1694979
"267",111,799,1780,9120,5677,1295040
"268",123,815,1422,4545,2867,649935
"269",73,406,1524,11184,3641,849984
"270",152,1294,1426,5525,3822,895050
"271",220,930,2364,5907,6407,1594890
"272",121,2370,1431,3083,2580,595019
"273",189,1084,2581,17500,14459,3395000
"274",183,955,1922,8604,7714,1694988
"275",118,968,1702,6260,3413,795020
"276",98,912,1605,9476,4456,994980
"277",205,3155,2061,4560,5619,1295040
"278",98,2293,1388,3786,3400,795060
"279",120,690,913,3172,1826,425048
"280",69,612,1505,9145,2990,695020
"281",62,140,1687,93712,26711,6184992
"282",105,99,4956,56386,24395,5694986
"283",90,109,4839,56124,21544,4995036
"284",132,140,5287,73605,40384,9495045
"285",163,700,4406,41391,32202,6995079
"286",113,586,5208,67632,36171,8995056
"287",116,185,4203,35991,17104,3995001
"288",140,830,4785,47911,29938,6995006
"289",140,605,5249,70387,42819,9994954
"290",155,764,5431,46206,39352,9194994
"291",163,708,4831,40689,29096,6795063
"292",128,942,5772,66630,39458,8995050
"295",161,397,5230,44272,29943,6994976
"296",103,299,4162,39515,22686,5295010
"297",180,720,5767,53343,40573,9495054
"298",229,318,7857,47804,47627,10994920
"299",136,223,3681,41947,23540,5495057
"300",137,228,3713,36053,20549,4795049
"301",135,908,4490,38854,22416,5594976
"302",198,774,6384,56675,46973,10994950
"303",155,1263,1498,3120,2576,599040
"304",173,8928,1702,1976,3182,744952
"306",115,1035,1339,2919,1702,396984
"307",143,1130,1206,3703,2351,548044
"308",180,844,1554,8622,6459,1595070
"311",148,2000,1903,6021,4878,1150011
"313",215,1333,1696,3505,3206,750070
"314",125,1486,1892,12176,6800,1595056
"315",315,2600,2955,8994,13005,2995002
"317",140,1035,1388,8277,5975,1373982
"318",221,1569,2980,11959,11027,2595103
"319",151,792,2016,9771,6377,1494963
"320",101,1323,1382,5921,2833,674994
"321",252,573,1926,5663,5964,1495032
"322",144,1302,1527,7500,4376,1095000
"323",204,11531,2351,10396,11296,2495040
"324",112,733,1377,7222,3851,844974
"325",110,872,1487,9876,5097,1194996
"326",131,729,1192,6958,4028,994994
"327",170,1100,1644,10412,7765,1894984
"328",100,970,1281,5096,3133,794976
"329",110,630,1110,5000,2591,595000
"330",61,1440,1013,7625,2366,549000
"331",174,718,1360,2335,2215,495020
"333",110,770,978,3904,1754,445056
"334",125,1255,977,2451,1426,375003
"335",140,852,1058,5430,2980,695040
"337",110,18750,1516,2925,3319,775125
"339",94,554,1608,13398,6544,1647954
"340",141,823,2106,15274,9513,2398018
"341",181,1028,2743,20688,16309,3847968
"342",111,3295,1525,10493,6843,1594936
"343",175,22050,1735,20121,13086,2998029
"344",188,827,2980,17612,17061,3997924
"345",167,1031,2467,9988,7225,1697960
"346",251,3056,2435,10208,12080,2950112
"347",156,765,2289,14649,12030,2797959
"348",153,1649,2890,23547,20948,5298075
"349",226,858,2876,15641,17880,4097942
"350",224,1322,2765,10472,10637,2398088
"352",207,788,3148,32840,27390,6994920
"353",189,613,2572,33668,27621,6497924
"354",214,710,3002,24436,27498,6499976
"355",230,944,2963,15044,14450,3399944
"358",195,788,3980,24469,18582,4698048
"359",78,600,1568,19253,7219,1675011
"360",216,885,3225,21591,19384,4750020
"361",137,398,2181,12929,9358,2197930
"362",114,389,2395,21169,10746,2497942
"363",124,516,2062,11254,6853,1598068
"364",158,767,2425,12111,9427,2397978
"365",155,543,3088,13287,10633,2497956
"366",103,95568,3920,20573,11527,2695063
"367",369,2044,2311,6120,9894,2295000
"368",108,887,1411,2764,1479,339972
"369",292,3582,2600,6317,8040,1895100
"370",198,5147,4709,10483,10570,2494954
"371",215,2392,2075,5534,5513,1294956
"372",139,3480,1404,13043,8907,2099923
"373",165,951,2324,8975,7620,1795000
"374",140,821,1733,7449,4671,1095003
"375",180,2368,1683,2375,2049,475000
"377",179,1252,1411,9973,7819,1845005
"378",114,125,1504,16822,8418,1984996
"379",98,241,889,3317,1475,344968
"380",162,1379,1888,4379,3317,775083
"381",169,539,1437,2446,1942,450064
"382",92,530,1574,8368,3406,794960
"384",230,763,1682,2657,2718,635023
"385",220,1070,1611,3299,2785,649903
"386",193,23839,3163,16109,16891,3995032
"387",100,1254,1935,10039,5513,1295031
"388",158,1157,2224,10290,6777,1594950
"389",179,1600,1818,9119,7504,1769086
"390",170,1897,2517,7926,5934,1394976
"391",149,2950,2112,6589,4249,994939
"392",197,845,1964,4520,3827,894960
"394",145,1194,1703,6005,4688,1098915
"395",206,1150,1912,5764,5934,1394888
"397",127,884,1364,5560,2985,695000
"398",125,580,1076,8524,3827,895020
"399",84,158,1598,3598,1252,295036
"403",114,503,2337,9441,4184,1047951
"404",139,162,1835,14584,8516,1998008
"405",219,3852,2404,12978,13289,2997918
"406",198,1231,2626,10135,8934,2097945
"407",220,439,2141,13735,12335,2898085
"408",113,408,1513,17839,8577,1997968
"409",174,814,1706,10639,7680,1797991
"410",153,434,2883,19218,11359,2998008
"412",173,611,1992,15139,10646,2497935
"417",110,750,2103,6795,3388,795015
"418",160,75032,1961,17312,12611,2994976
"419",179,704,2264,13560,10074,2495040
"420",147,550,1014,2324,1584,395080
"421",92,850,1343,4950,2128,495000
"422",122,658,1062,2248,1266,298984
"424",182,333,1335,2592,1937,495072
"425",119,763,1044,3914,2555,594928
"426",130,801,1137,5073,2795,695001
"427",117,817,1354,5065,2872,698970
"428",120,1488,1666,3994,2409,635046
"429",94,862,972,2396,1470,345024
"433",132,891,2045,12552,7787,1794936
"434",96,934,1640,7227,3389,794970
"435",166,151963,1831,22817,18825,4494949
"436",98,827,1245,4167,1822,450036
"437",211,8699,1380,1381,1153,290010
"438",150,4559,1882,2309,2879,695009
"439",137,27025,1488,5061,3530,824943
"440",136,1183,1272,3987,2444,610011
"441",136,1089,787,3849,2519,585048
"442",110,1855,1240,3403,1673,404957
"443",113,997,941,1801,1032,244936
"444",143,3048,1089,2932,1967,474984
"445",135,258,985,4623,2725,674958
"447",110,742,875,3708,1924,444960
"448",115,618,1199,5625,2715,675000
"449",126,1000,1302,3571,2360,549934
"450",227,2700,1531,2036,1822,449956
"451",170,1288,1431,4495,3501,845060
"452",83,104,806,7584,2715,674976
"453",130,600,1278,4596,2800,648036
"454",129,1264,1982,11154,6444,1595022
"455",94,583,1594,8673,3402,849954
"457",195,985,2390,16036,13150,3094948
"459",137,833,1852,8750,5548,1295000
"460",385,2760,3306,16826,29502,6494836
"461",100,763,2121,12967,6820,1594941
"462",106,450,2057,15300,9788,2295000
"463",249,1393,3623,27940,32937,7459980
"464",173,1837,6166,53827,56573,13995020
"465",130,1405,1387,7263,4380,995031
"466",182,802,2358,13342,10637,2494954
"467",240,944,2521,8418,7760,1995066
"469",121,713,2459,16636,11431,2695032
"470",139,731,2262,11400,8527,1995000
"471",201,813,1661,9591,8558,1994928
"472",170,791,2241,18544,14363,3375008
"473",140,880,2996,16745,10637,2495005
"475",92,982,2204,10214,5127,1195038
"476",120,725,1890,9050,4284,1095050
"477",141,410,1372,10655,6596,1544975
"478",246,1192,5994,40141,42446,9995109
"480",181,800,8742,72139,63098,14499939
"481",206,424,7764,124000,121891,27900000
"482",251,461,6968,80756,103690,23499996
"484",152,797,1295,3037,2149,495031
"485",108,195,1627,6043,2995,694945
"486",71,465,1393,4583,2149,494964
"487",62,523,1183,5985,1694,395010
"488",114,767,1171,5492,2785,648056
"489",162,3447,2445,8420,7786,1843980
"490",171,696,1266,7565,5665,1339005
"491",201,1810,2385,3661,3725,874979
"492",125,805,1630,10649,5994,1395019
"495",119,1043,2133,12939,7251,1695009
"496",250,503,987,2020,2065,494900
"497",185,1932,1129,2543,2571,595062
"498",101,1349,3664,25180,11908,2794980
"499",98,763,1161,4231,2057,495027
"500",163,788,1104,3563,2329,595021
"501",114,779,1466,6268,3689,864984
"502",197,8352,3450,6889,6553,1494913
"503",180,1868,1639,3804,3418,795036
"504",96,1754,1614,7654,4265,995020
"505",155,1093,1280,5812,3867,895048
"506",227,1008,7208,56372,69663,14994952
"508",229,789,4839,32957,33442,7744895
"509",120,955,4359,51899,28755,6694971
"510",123,5000,2420,10310,6386,1494950
"511",96,538,1416,4082,2171,498004
"512",141,962,1876,5270,3516,779960
"513",92,2321,1531,2430,1478,345060
"514",98,1000,1434,5917,2792,644953
"515",105,408,1336,5068,2589,598024
"516",155,963,1756,4187,3017,695042
"517",155,359,1442,4243,2623,644936
"518",129,935,1376,4640,2643,644960
"519",148,591,1057,5032,3163,774928
"520",216,808,2374,10094,8677,2150022
"521",198,1321,2110,7185,6826,1595070
"522",146,782,1476,7945,5500,1295035
"524",95,822,1372,8824,4304,1050056
"525",175,1084,1554,5237,3755,995030
"527",202,7286,2647,5186,5955,1395034
"528",122,700,1549,4238,2640,695032
"529",174,1791,1771,5349,4246,994914
"530",162,1701,1955,7460,5986,1395020
"531",211,2180,1406,8184,6965,1644984
"532",150,526,1320,6865,5631,1324945
"533",237,8303,1556,8599,8465,1994968
"534",164,508,1595,9809,7625,1795047
"535",89,720,1253,6467,2445,594964
"536",166,3020,2077,6345,5422,1249965
"537",163,1152,1362,8829,6902,1598049
"538",93,914,3977,32950,14247,3295000
"539",136,947,2381,10199,7676,1795024
"540",169,867,2384,11271,8525,1994967
"541",110,619,1830,13348,6384,1494976
"542",124,569,2086,12659,6561,1595034
"543",173,662,2088,13500,9836,2295000
"544",217,1728,2796,15886,14972,3494920
"546",190,49251,2392,9576,10565,2595096
"547",90,381,1855,14235,6037,1395030
"548",128,797,1746,7963,4660,1075005
"551",109,716,959,3629,1939,449996
"552",130,948,1471,5457,3830,894948
"554",112,1057,1203,4572,2987,694944
"555",129,831,1266,5871,3320,774972
"556",153,822,1479,4321,3009,700002
"557",135,665,1529,4567,3198,748988
"558",84,800,1063,6435,2966,694980
"559",143,873,1472,7300,4674,1095000
"560",171,1295,939,3649,2898,675065
"562",167,1000,2574,8846,6396,1494974
"563",138,1138,1823,5483,3427,795035
"564",152,20000,1999,7188,4740,1150080
"565",400,2525,2100,4646,7645,1798002
"566",131,800,1703,4543,3408,745052
"568",204,1226,1734,3694,3662,797904
"569",150,740,3472,23156,17708,4144924
"570",133,750,3344,29161,17227,3995057
"571",138,748,3810,28775,18646,4345025
"572",140,719,3316,26283,17143,3995016
"573",65,1414,1460,5914,2209,550002
"574",241,502,1618,3846,2842,649974
"575",91,472,700,7990,3548,775030
"576",154,1599,1829,5718,3769,994932
"577",95,998,1550,10735,4647,1094970
"578",107,720,1306,4963,2886,674968
"579",120,620,1412,5000,2887,745000
"580",154,630,1128,3333,2259,549945
"581",200,884,1424,5737,5251,1244929
"582",136,1062,1165,5483,3179,795035
"584",177,1405,2062,7642,5869,1344992
"585",186,10968,1946,8750,8147,1995000
"586",175,1530,1853,3251,2582,594933
"587",77,686,1422,8950,3404,895000
"588",65,610,1352,6627,2090,550041
"589",278,3308,2156,10017,11175,2894913
"590",140,2480,2438,6152,4670,1095056
"591",83,1135,1261,7316,2640,695020
"592",160,4514,1724,2423,1925,474908
"594",215,1004,2212,9366,8469,1994958
"595",211,1027,2784,12372,12252,2895048
"596",165,1077,2329,8475,7197,1695000
"598",147,823,1813,14803,9525,2250056
"599",137,1473,2226,13516,8882,2094980
"600",219,1323,2022,2680,2578,594960
"601",112,924,1319,9244,4686,1100036
"602",177,800,1638,4048,3648,850080
"603",199,1602,2130,6765,6337,1495065
"604",104,761,1668,6495,2965,694965
"605",166,901,2381,11707,10156,2399935
"606",167,969,2048,15957,10932,2585034
"607",174,2060,1633,8691,5512,1294959
"609",94,680,1442,6043,2981,694945
"610",148,1003,1695,5491,3827,895033
"611",140,490,1258,4640,2754,644960
"612",175,804,2284,13837,11817,2795074
"613",109,902,1355,9676,5711,1344964
"614",65,738,1608,10407,3803,895002
"615",162,1068,2373,14634,11817,2795094
"616",157,948,2297,16333,11410,2694945
"617",125,954,1518,6391,3604,850003
"618",243,858,1573,15156,14360,3394944
"620",160,1103,1888,5162,3393,794948
"621",267,486,2443,14007,18173,4300149
"622",231,2330,2546,9494,6782,1594992
"623",143,931,2156,7289,5883,1384910
"624",127,1419,1141,2066,1492,345022
"625",309,19132,2336,2381,3713,850017
"626",136,880,1525,4358,2760,644984
"627",154,2031,1699,4362,2785,649938
"628",98,602,1478,7750,3314,775000
"629",137,1257,1939,4814,2991,698030
"630",125,377,1261,2462,1391,324984
"631",151,694,1643,4399,2996,695042
"633",114,5960,1222,5346,2746,694980
"634",83,671,994,4389,1718,395010
"636",178,480,1299,3216,2567,594960
"637",126,340,1337,4312,2575,595056
"638",138,736,1457,5130,3202,748980
"639",122,1320,971,3694,2061,494996
"640",93,771,1131,4057,1917,494954
"642",119,1572,1151,3898,2180,495046
"644",210,1071,2729,11351,10130,2395061
"645",137,314,1683,12254,6346,1494988
"646",172,844,2032,16629,9370,2195028
"648",376,12438,2791,9917,12673,2994934
"649",91,1540,1360,5000,2719,675000
"653",202,800,2779,13634,10593,2495022
"654",149,744,2362,13065,9300,2194920
"655",148,713,2553,15791,10682,2494978
"656",175,1376,3170,14994,11280,2668932
"657",147,960,2696,17803,11837,2795071
"659",218,13184,4628,9979,10170,2394960
"660",87,739,1803,16033,6309,1475036
"661",126,663,2087,17148,9326,2194944
"662",151,840,2720,18988,13085,3095044
"663",207,851,2594,11825,10098,2495075
"664",113,650,2226,20798,11180,2474962
"665",141,846,2774,17515,12104,2854945
"666",96,781,2613,22767,10025,2345001
"667",146,790,1339,3691,2583,597942
"668",149,789,1307,4233,3184,745008
"669",109,1314,1208,4894,2995,694948
"670",150,572,1352,4399,3075,695042
"671",125,666,980,3397,1926,445007
"672",134,900,3647,24384,17115,3998976
"673",124,889,3582,27132,16144,3500028
"674",218,763,3325,22026,20616,4999902
"675",98,353,2192,24265,10662,2475030
"676",174,702,3633,22081,16308,3797932
"677",166,918,2109,10028,7657,1795012
"678",140,596,1591,7359,4580,1044978
"681",205,814,2981,10267,11328,2494881
"682",147,922,2032,6917,5448,1245060
"683",233,1103,7866,61189,75446,17500054
"686",138,516,3700,21023,15412,3594933
"687",86,372,2799,23349,10573,2474994
"688",165,878,1112,3655,2699,625005
"689",130,648,1048,3667,2163,495045
"690",178,1082,1474,19553,14944,3499987
"691",99,1133,2255,16907,8542,1995026
"692",125,380,974,3808,2163,495040
"693",220,7816,1906,4424,4624,1075032
"694",139,1231,1129,4542,3130,694926
"695",198,1612,1281,3313,3248,795120
"696",106,776,2765,18445,9395,2194955
"697",138,631,3077,23493,14585,3195048
"699",168,702,4491,29556,21628,4994964
"700",145,1004,4164,31933,20835,4789950
"701",118,964,2091,15533,8101,1895026
"702",195,872,2485,9571,8442,1895058
"703",130,900,2427,13345,8111,1894990
"704",436,7262,5141,7598,14960,3495080
"705",290,15000,2670,17172,16165,3795012
"706",119,825,1586,5038,2839,665016
"707",116,732,1404,4917,2553,594957
"708",154,1522,1704,4282,2985,697966
"709",147,592,1559,5162,3392,794948
"710",104,676,1531,7366,3501,824992
"711",225,901,1837,3159,2972,694980
"712",90,390,1254,4592,1934,450016
"713",107,485,1262,6535,3177,744990
"714",142,800,1445,5088,3190,747936
"715",99,765,1106,6885,2576,598995
"717",120,334,1166,6131,3190,747982
"719",115,539,1431,6911,3629,850053
"720",104,907,1447,7066,2962,748996
"721",117,765,1101,4722,2570,594972
"722",126,17500,1261,4407,2584,594945
"724",134,1160,1427,2834,1793,444938
"725",208,1972,1864,7331,5157,1194953
"726",187,817,1606,4060,3905,950040
"727",189,720,1379,3099,2474,595008
"729",85,394,2525,19579,8927,2094953
"730",177,909,3709,14846,12318,2894970
"731",130,813,3002,22351,13608,2995034
"732",156,1580,3415,18840,14079,3297000
"734",225,1192,4243,19047,19155,4495092
"735",79,591,2552,18445,9392,2194955
"736",288,9818,4164,2575,7270,1799925
"737",125,2700,1304,2135,1689,394975
"738",84,476,1113,4011,1559,348957
"740",140,715,2743,14826,9826,2298030
"741",152,745,2638,12808,8499,1998048
"742",107,676,2009,12803,6433,1497951
"743",113,928,2379,11076,6845,1594944
"744",146,723,2278,5955,4494,1048080
"748",134,989,6251,44718,27585,6349956
"750",220,1002,5947,34122,30393,6995010
"751",163,720,7378,39447,32716,7494930
"752",208,1070,7666,39414,37993,8749908
"753",151,1063,6251,43296,25394,5844960
"754",121,1118,7286,47370,31694,7294980
"758",112,3991,1569,4894,2867,694948
"759",84,1033,1838,6974,3441,795036
"760",110,824,4924,36196,21617,4995048
"761",137,802,4934,38427,23815,5495061
"762",96,1007,4658,32810,19576,4494970
"763",124,992,1191,3561,2047,494979
"764",160,802,1198,4298,3052,765044
"765",153,643,1077,2373,1478,374934
"766",117,390,1150,2862,1560,394956
"767",170,5273,2829,3086,3661,894940
"768",238,1311,1591,3565,3578,844905
"769",101,1119,880,5667,2546,595035
"770",233,2919,2009,4838,5056,1194986
"771",152,494,1213,4513,2703,695002
"772",135,960,1202,4312,2331,595056
"773",105,1226,1438,4487,2246,524979
"774",162,861,1488,3037,2136,495031
"775",106,695,1345,4555,2844,665030
"777",191,2022,1586,6005,5078,1194995
"778",151,1097,1569,3364,2334,544968
"779",59,380,965,5290,1560,365010
"780",107,690,1137,5313,2557,595056
"781",134,709,1095,5377,3353,785042
"782",127,1135,1604,5414,3246,785030
"783",220,4949,1551,2896,2989,695040
"785",149,3536,1270,2713,1846,444932
"786",130,790,1322,3719,2283,595040
"787",115,768,1022,5102,2471,647954
"788",115,1141,1279,4728,2874,695016
"789",161,3089,1384,4466,3033,794948
"790",146,4336,1889,5142,3101,725022
"791",294,580,1459,2017,2283,595015
"792",143,1161,1283,4300,2562,645000
"793",84,803,2525,23125,9432,2220000
"795",140,917,2560,32604,20068,4694976
"796",159,818,3192,18152,12823,2995080
"797",121,700,2755,24153,12823,2994972
"798",139,769,2771,19529,11496,2695002
"800",150,756,1923,10161,6735,1574955
"803",150,607,1603,7880,5328,1245040
"805",115,761,4747,37458,19124,4494960
"806",155,694,4754,35728,22941,5394928
"807",107,500,3970,38553,18700,4395042
"808",154,715,3668,35430,23803,5597940
"809",126,640,4712,32417,20821,4894967
"810",122,686,4908,42593,24437,5750055
"812",95,719,1097,6619,2980,694995
"813",130,866,1586,5110,3015,694960
"815",247,2609,2378,9404,10332,2398020
"816",268,17741,2879,7250,7705,1798000
"818",70,1522,1657,6683,2974,674983
"819",87,932,1200,3440,1606,374960
"820",187,800,2037,3324,2685,624912
"821",207,85000,2771,19612,16218,4295028
"822",106,831,1500,3405,1719,394980
"823",148,632,1482,8129,5259,1194963
"824",233,15572,2376,9207,10605,2495097
"825",137,625,1493,6750,4040,945000
"826",242,1318,1911,8851,9096,2195048
"828",204,3232,2024,4307,4448,994917
"830",112,810,1664,11624,5827,1360008
"832",162,1230,3177,32287,22834,5295068
"833",170,1201,4237,27147,21248,4995048
"834",108,702,4970,53053,25589,5994989
"836",221,1315,4485,18644,18102,4194900
"838",171,784,3729,27845,20886,4845030
"839",100,1449,3708,30046,14004,3244968
"840",160,1385,2933,16156,11829,2794988
"841",254,1110,3080,10058,10967,2594964
"842",140,750,1884,10510,6683,1544970
"843",84,930,2132,10699,4322,995007
"848",161,2099,2374,13000,11203,2600000
"849",110,684,1740,11496,5795,1345032
"850",290,16921,4029,5500,11754,2750000
"853",110,1548,1334,4143,1830,435015
"854",115,744,2438,14315,7524,1775060
"855",225,15000,2957,12376,12669,2994992
"856",100,1480,2287,18088,7814,1844976
"857",171,826,2931,12273,9718,2295051
"858",178,981,3966,28770,24650,5495070
"859",231,1086,4315,28487,28004,6495036
"860",93,821,2354,10153,4287,994994
"861",184,1464,4258,17009,17083,3895061
"862",183,607,2476,15931,12789,2995028
"863",154,880,3001,15654,10238,2395062
"866",152,601,4160,37943,25106,5994994
"867",162,701,4510,31226,28282,6495008
"869",169,712,3978,37774,26945,6194936
"870",86,232,3058,36716,16292,3745032
"871",158,985,2504,24212,17543,3994980
"872",196,849,2280,17892,15404,3649968
"873",144,626,2573,17320,11196,2649960
"874",323,273,2602,13356,22138,4995144
"875",114,890,2033,10649,5984,1395019
"876",153,906,5340,31933,26294,6195002
"878",167,746,2615,10982,7865,1844976
"879",102,1839,1131,6203,3527,824999
"881",82,635,1403,5940,2666,694980
"882",164,381,1486,4064,2754,694944
"883",185,890,10812,76211,73506,16995053
"884",188,618,2686,8523,7929,1875060
"885",121,1084,1672,6048,3228,749952
"886",156,932,1407,4568,3419,845080
"887",82,495,878,4290,1731,398970
"889",73,487,5760,60735,27818,6194970
"891",176,441,4341,29379,19380,4494987
"893",124,980,5978,55697,30158,6795034
"894",189,772,2826,16136,13564,3194928
"895",110,777,3413,40636,20450,4795048
"897",184,766,3471,24995,21965,5198960
"898",171,631,3383,46078,31600,7695026
"899",196,549,3071,18420,15098,3555060
"901",147,577,3694,30929,27753,6495090
"903",80,647,1670,28207,11430,2595044
"906",142,728,2114,34574,13905,3249956
"907",108,418,2159,17695,10605,2494995
"908",159,659,2793,14332,12296,2895064
"911",104,152,1531,14769,6800,1595052
"912",116,792,2251,9968,6576,1545040
"913",105,511,1976,9605,4701,1094970
"914",207,722,2947,22318,16946,3994922
"915",146,855,2482,12707,7944,1994999
"916",135,700,2738,9403,6438,1495077
"917",70,617,1853,16188,5532,1295040
"918",135,746,2730,17950,10605,2495050
"920",144,560,2318,9836,6377,1495072
"921",104,495,1491,9836,6585,1495072
"922",56,415,1835,14038,5003,1094964
"923",120,643,2192,12633,8059,1894950
"924",105,637,2237,14241,6407,1594992
"925",112,440,2632,18967,9195,2295007
"928",174,678,2731,13608,10300,2395008
"930",147,251,1903,9300,5963,1395000
"931",215,688,2587,15918,14315,3295026
"932",113,750,2107,14364,7222,1694952
"933",127,596,2014,9331,5642,1325002
"934",141,662,2501,11028,6818,1599060
"935",113,572,2264,14669,8491,1994984
"936",115,758,2119,14360,7645,1795000
"937",176,662,2464,13342,11450,2695084
"938",119,783,2791,20741,11895,2800035
"939",148,785,2731,14441,9336,2195032
"940",151,814,3100,23119,15696,3699040
"941",120,496,2182,13496,7676,1794968
"942",121,772,2582,12136,7263,1699040
"943",180,821,3151,29543,23288,5494998
"944",226,839,3293,13136,12752,2995008
"945",165,454,2450,14088,10182,2394960
"946",96,261,2125,13716,6377,1495044
"947",146,792,2191,27160,18659,4399920
"948",105,797,2425,15409,7247,1694990
"949",136,927,2448,12300,7845,1845000
"950",58,786,1803,13819,4244,994968
"951",182,711,2489,9974,8133,1895060
"952",80,1052,2338,11628,4286,1000008
"953",144,538,2476,7400,5532,1295000
"954",164,582,2106,17803,11873,2795071
"955",90,746,1900,16075,6394,1494975
"956",201,693,3213,22197,18637,4395006
"957",157,929,4071,32535,27689,6995025
"958",121,717,2816,14023,7645,1794944
"959",189,825,2400,10346,8268,1945048
"960",91,315,1299,6926,3206,748008
"961",66,876,4160,65163,25958,5994996
"963",125,545,1126,4190,2680,594980
"967",101,827,2473,10425,6855,1595025
"968",174,1230,2525,7316,5928,1294932
"969",118,256,1903,6215,3867,894960
"971",112,107,1234,11065,5150,1195020
"972",84,698,1722,4950,2308,495000
"973",96,487,1554,4806,2308,495018
"975",72,715,1843,8058,4314,975018
"976",135,475,2005,9627,6207,1549947
"977",197,936,2779,15302,14010,3289930
"978",226,885,2090,8460,7751,1895040
"979",156,734,1420,6142,4249,995004
"980",163,953,2210,16637,10639,2795016
"981",86,1074,1024,6398,2568,595014
"982",83,256,1088,8489,3436,797966
"983",93,290,1322,7637,3208,694967
"984",250,1379,2589,6923,6971,1799980
"986",108,406,1644,12217,5292,1295002
"987",150,1000,2620,9581,6301,1485055
"988",78,1000,1965,9794,4569,998988
"989",139,956,4127,23938,14954,3494948
"990",287,3324,4132,17768,22626,5294864
"991",176,2292,4803,25960,19586,4594920
"992",139,788,1631,6815,3784,994990
"993",94,703,1297,6029,2647,614958
"994",242,12688,2888,4647,7077,1645038
"995",198,1143,2039,5861,6031,1394918
"996",170,3408,1454,4437,4066,945081
"997",266,1119,1289,2979,3784,994986
"998",93,428,1123,4471,2029,464984
"999",138,209,902,1818,1103,259974
"1000",103,331,967,2778,1334,300024
"1001",122,980,854,1809,1031,274968
"1002",167,1700,1375,3315,2580,600015
"1003",255,2914,1412,2791,2869,694959
"1004",204,1376,1201,1378,1370,350012
"1005",123,762,1212,3173,2240,494988
"1006",100,1135,962,6318,2806,694980
"1007",161,690,1167,2988,1919,498996
"1008",164,1092,1439,4357,3007,745047
"1009",220,1688,1420,2885,3118,825110
"1010",168,1073,1094,1896,1482,345072
"1011",160,645,1132,5248,3450,844928
"1013",130,781,1340,4233,2777,698445
"1015",95,434,1100,4531,1665,434976
"1016",86,600,769,2350,989,235000
"1018",168,720,2738,22809,15777,3695058
"1019",148,1600,3534,24509,17013,3994967
"1020",155,1052,3666,24497,16628,3895023
"1021",231,2636,4375,20305,21375,4995030
"1022",161,734,3314,23922,17054,3994974
"1023",178,756,3250,18077,17054,3995017
"1024",190,788,2850,20699,17054,3994907
"1025",140,792,1504,3757,2767,649961
"1026",75,251,1021,4103,1355,320034
"1027",144,1152,1056,3194,2128,495070
"1028",155,1355,1088,3133,2128,495014
"1029",82,1043,952,4917,2547,594957
"1030",152,537,1322,4484,2965,695020
"1031",116,746,1665,5455,3560,840070
"1032",96,705,1431,5917,2786,644953
"1033",136,634,1621,4190,2565,594980
"1034",167,1066,1987,15518,12143,2994974
"1035",184,821,1702,6066,4651,1195002
"1036",179,9261,894,3319,3011,750094
"1037",157,5883,3035,14806,9777,2294930
"1038",137,2161,2251,4571,3205,745073
"1040",152,1000,1652,9462,6377,1494996
"1041",102,1000,1766,7227,3418,794970
"1042",120,885,1913,10117,5529,1294976
"1043",204,1000,1820,12357,11027,2594970
"1044",157,15288,2136,7222,6810,1494954
"1046",116,795,1417,5992,3202,749000
"1047",204,19106,2157,5787,9286,2199060
"1048",155,1363,2215,13480,8422,1995040
"1049",70,259,1149,7131,2350,599004
"1050",126,1127,1370,2660,1695,399000
"1052",80,465,1159,4076,1664,374992
"1053",139,780,1067,4020,2558,598980
"1054",79,336,1663,7824,2818,665040
"1055",110,1522,1445,3957,1907,459012
"1056",128,187,1226,8454,4675,1099020
"1058",158,275,1405,9522,5641,1494954
"1059",125,228,1527,5075,2894,674975
"1060",198,615,1613,8571,6781,1799910
"1061",141,222,1585,6910,4250,995040
"1062",296,910,2144,10831,13410,3195145
"1064",123,663,3198,21220,11420,2694940
"1065",105,3500,1832,9128,3988,994952
"1066",111,621,2328,17326,10611,2494944
"1067",97,497,1757,18125,8647,2175000
"1068",149,763,2198,10528,7709,1895040
"1069",164,909,2389,20543,15679,3595025
"1070",121,1013,1956,11022,8486,1994982
"1071",175,700,2274,8110,7170,1694990
"1072",85,1660,1378,34425,12807,2994975
"1073",260,1513,7026,50635,67241,15950025
"1074",116,1187,2093,13633,8079,1894987
"1075",127,701,2486,11154,7241,1595022
"1076",179,887,3416,17632,14177,3350080
"1077",107,106,1617,19000,8460,1995000
"1079",176,742,2357,18690,14860,3495030
"1080",94,486,1796,16488,8429,1995048
"1081",138,828,1701,15063,10108,2395017
"1082",151,834,2934,15673,10598,2397969
"1083",106,1085,2029,13114,6834,1494996
"1084",295,804,1400,5435,5313,1250050
"1085",123,1380,2067,6552,4016,950040
"1086",140,882,1534,4572,3218,694944
"1087",161,700,1577,4819,3451,799954
"1088",192,2079,2058,8132,5868,1545080
"1089",130,18660,3669,18619,10620,2494946
"1090",127,16400,3595,17500,10024,2345000
"1091",115,428,1565,9876,4782,1194996
"1092",134,541,1731,11496,5532,1299048
"1094",177,984,2200,8750,7178,1575000
"1095",165,844,2417,8604,7211,1694988
"1096",133,1450,1654,13007,7601,1794966
"1098",130,17925,1869,13686,9477,2395050
"1099",93,3109,1666,13037,5920,1394959
"1102",248,937,3035,11858,12727,3000074
"1103",162,855,3051,8206,5912,1395020
"1104",162,1026,2200,9327,7226,1594917
"1105",115,900,2086,7604,4651,1094976
"1106",126,966,1710,9786,4993,1144962
"1107",152,846,1174,3864,2676,595056
"1108",139,634,1634,6455,3533,864970
"1110",149,717,1733,6129,4228,949995
"1111",120,763,1299,3837,2117,494973
"1112",119,594,1180,4837,2553,594951
"1115",237,1082,1674,5487,5472,1294932
"1116",90,380,1192,4247,1624,394971
"1117",98,790,1569,7571,3380,794955
"1118",153,827,2061,9000,6158,1395000
"1119",136,1213,1612,4622,3399,794984
"1120",156,800,1684,5981,3699,944998
"1121",140,720,1799,4190,2547,594980
"1122",96,431,1431,5561,2239,544978
"1123",127,457,1535,5602,2925,745066
"1124",125,1953,2742,2433,1702,399012
"1125",84,725,1696,4870,2567,599010
"1126",161,644,1709,5274,3705,864936
"1127",148,622,1420,6172,3815,894940
"1129",116,750,1850,8787,4835,1195032
"1130",97,562,1680,5085,2357,594945
"1131",185,454,1753,13634,9704,2495022
"1132",253,6009,2109,4832,5459,1294976
"1133",151,967,1305,9344,6374,1495040
"1134",95,820,1348,4048,1824,425040
"1135",208,1000,7643,40452,36898,8494920
"1136",92,963,6171,47571,21720,4994955
"1137",294,1599,12203,53523,69217,15949854
"1138",191,884,3075,11514,10259,2394912
"1139",140,843,3252,18388,11921,2794976
"1140",149,1025,2910,12566,8539,1997994
"1141",142,1279,2920,11633,7452,1744950
"1142",270,19000,3236,17284,21259,4995076
"1143",273,2915,3263,8156,10236,2397864
"1144",83,788,2157,16429,6466,1495039
"1145",180,800,2946,14103,11072,2594952
"1146",172,801,2925,24973,19562,4595032
"1147",151,890,2041,9583,6403,1494948
"1148",70,797,2218,14238,6403,1494990
"1149",151,970,3900,24652,16643,3895016
"1150",141,700,2457,9907,6827,1595027
"1151",86,788,2170,14091,5994,1395009
"1152",165,498,2716,9403,6403,1495077
"1153",117,778,1762,12283,7251,1695054
"1154",99,615,1611,7644,3432,794976
"1155",143,587,2397,14145,9172,2150040
"1156",201,15373,3813,22277,19221,4499954
"1157",130,646,2097,12222,7050,1649970
"1158",122,705,2707,11589,6403,1494981
"1159",160,1222,1798,7705,6827,1594935
"1160",133,702,2626,15255,10223,2395035
"1162",303,1445,2086,7426,9664,2264930
"1163",203,1086,1519,1556,1513,350100
"1164",120,873,1401,5000,2794,645000
"1165",130,806,1150,3000,1734,399000
"1166",96,1439,1208,3462,2144,495066
"1167",48,167,1032,11316,2794,645012
"1168",129,700,1658,4577,2593,595010
"1169",137,1451,1141,3646,2268,525024
"1170",197,1338,1628,2698,2422,544996
"1171",184,692,1496,3371,3118,744991
"1172",96,779,1123,3972,1840,425004
"1173",156,801,1483,3606,2576,594990
"1175",257,1732,2455,2973,3316,770007
"1176",72,986,1396,5594,2174,564994
"1177",117,394,1186,3613,1744,429947
"1178",128,1027,1444,2883,1590,394971
"1179",152,1042,2073,6290,5560,1364930
"1180",100,555,1393,4125,2151,495000
"1181",88,578,1350,4813,2519,644942
"1182",213,796,1517,3980,4243,995000
"1184",146,712,1601,5927,3852,894977
"1185",249,802,1852,4261,4200,1095077
"1186",179,673,1404,2901,2263,525081
"1187",124,759,1395,4577,2559,595010
"1188",130,1006,1255,4474,2556,595042
"1189",161,715,1762,7287,4770,1195068
"1190",130,431,1504,9300,5954,1395000
"1191",224,1839,2552,10194,12206,2895096
"1192",152,2511,2254,12070,10993,2595050
"1193",167,6808,2185,15749,13353,2945063
"1194",90,3120,1131,6107,2984,745054
"1195",212,995,1777,7025,7926,1995100
"1196",104,428,1361,11274,5105,1195044
"1197",153,1460,1542,9726,6360,1595064
"1198",226,1679,2619,8287,10273,2394943
"1199",120,894,800,5357,3013,749980
"1200",318,2530,3128,5526,8461,1994886
"1201",106,720,1881,11667,5488,1295037
"1202",204,14203,1829,3546,3013,695016
"1203",150,56925,3840,14516,9616,2249980
"1204",97,5005,1568,6250,2699,625000
"1205",101,1049,1196,4701,2377,550017
"1206",167,1574,1225,5118,3729,864942
"1207",105,1035,1394,5890,3013,695020
"1208",176,1219,1829,6844,5250,1225076
"1209",180,1067,1846,5198,4302,998016
"1210",195,1130,2161,3883,3304,764951
"1211",166,1377,1609,4569,3439,795006
"1212",140,1148,1587,4793,3013,694985
"1213",134,916,1122,4664,2746,694936
"1215",89,420,1137,4356,1621,378972
"1217",195,715,1231,3745,3482,895055
"1218",120,689,2162,11157,6332,1495038
"1219",110,1014,1902,7878,4655,1095042
"1220",119,1533,1515,11250,5913,1395000
"1221",117,800,2134,10240,6332,1495040
"1223",78,592,1147,6538,2557,594958
"1224",176,842,1912,10025,8530,1994975
"1225",259,1080,2848,14426,15062,3895020
"1226",126,275,1677,9926,5472,1349936
"1227",198,1070,2443,19383,18483,4399941
"1228",103,709,970,3926,1876,475046
"1229",132,6575,1095,4696,2978,695008
"1231",149,714,1070,3562,2337,544986
"1232",115,869,1043,4958,2428,594960
"1233",118,840,898,4467,2076,544974
"1234",172,688,916,4774,3195,844998
"1236",166,990,1095,3713,2998,750026
"1237",95,392,851,5515,2366,534955
"1238",110,1595,573,2826,1388,324990
"1239",175,494,1365,4517,3626,794992
"1240",100,385,1195,4795,2299,584990
"1242",98,4440,1239,3098,3386,789990
"1243",140,1240,1080,4047,2583,598956
"1244",105,407,851,4152,2093,465024
"1245",194,1489,1325,2868,2326,544920
"1246",259,3442,2962,21034,23573,5595044
"1247",83,477,1539,16484,6131,1500044
"1248",118,764,2122,12458,6003,1494960
"1249",130,808,2222,15752,8380,2095016
"1250",123,284,1648,7103,3808,894978
"1252",95,634,1856,7162,3390,794982
"1256",111,1157,2164,9885,5476,1294935
"1257",187,257,2025,34399,26784,6295017
"1258",142,913,2593,26336,16693,3924064
"1259",131,573,2566,31815,21252,4994955
"1260",131,549,3176,25526,13826,3394958
"1261",193,425,3129,23490,20308,4744980
"1263",175,837,2447,15481,12266,2894947
"1264",110,1734,1206,6729,3859,894957
"1265",278,1896,2025,20833,18533,4249932
"1266",118,722,1986,13163,7309,1698027
"1268",251,890,1848,8807,11476,2694942
"1270",173,778,2349,12612,9583,2244936
"1271",103,714,1950,14754,8590,2095068
"1272",158,456,2066,12610,10195,2295020
"1273",198,816,2436,16332,13753,3250068
"1274",167,793,2036,10436,7254,1794992
"1275",90,1117,1473,11865,6408,1494990
"1277",124,730,2323,20595,11625,2594970
"1278",199,862,2545,13438,11938,2795104
"1279",143,790,1929,14155,8952,2094940
"1280",125,404,2171,21345,13222,3095025
"1281",260,1251,3136,9505,11053,2594865
"1283",142,791,2183,12697,8965,2095005
"1284",329,5083,3138,12821,19200,4500171
"1285",144,792,2407,19840,13728,3095040
"1286",119,343,2274,23192,12359,2899000
"1288",150,788,2180,8179,6829,1594905
"1289",119,1129,2360,15350,9387,2195050
"1290",155,703,2434,16433,11517,2695012
"1291",154,800,1084,10031,6837,1594929
"1292",160,1455,2489,11314,9387,2194916
"1294",118,1375,2506,11897,6198,1499022
"1295",142,902,2356,13909,9777,2294985
"1296",142,2682,2216,17579,11942,2795061
"1297",100,760,2141,15496,8077,1875016
"1298",120,788,1697,10704,5549,1445040
"1299",157,800,2009,13982,10096,2348976
"1300",119,474,2281,17846,9642,2195058
"1301",242,2679,3002,20859,26391,6195123
"1302",131,788,2098,18429,12282,2874924
"1303",234,2393,3001,11419,11513,2694884
"1304",118,680,2204,19315,10241,2395060
"1305",130,846,2791,22689,12788,2994948
"1306",185,657,3005,24235,20196,4750060
"1307",170,736,2575,23042,14063,3295006
"1308",168,21000,2542,20433,11088,2594991
"1309",78,16395,1534,14500,6837,1595000
"1310",102,1000,2255,16920,8112,1895040
"1311",227,17050,2982,11234,11088,2595054
"1312",173,763,2462,21236,15764,3695064
"1313",250,936,2693,11431,12788,2994922
"1314",107,742,2501,26318,14489,3395022
"1318",207,1110,2690,12939,12686,2950092
"1319",235,1616,1886,3734,5142,1194880
"1320",310,2844,1482,1688,2274,524968
"1322",113,773,1656,7479,3764,875043
"1324",97,973,1221,6098,3238,750054
"1325",147,2750,1253,2669,1714,395012
"1326",173,2852,1867,5996,6309,1475016
"1327",72,300,1161,4396,1736,400036
"1328",130,241,1274,6783,3776,875007
"1329",140,701,1547,5559,3866,894999
"1330",150,851,1210,1766,1400,324944
"1331",108,788,1081,3211,1512,349999
"1332",130,712,1268,2453,1714,394933
"1333",159,638,1600,4704,3440,794976
"1334",220,2178,1819,6039,5913,1395009
"1335",199,1105,1779,6071,5406,1274910
"1336",151,728,1442,4392,3461,794952
"1337",124,1095,1279,4615,2588,599950
"1338",113,381,1385,7284,3608,844944
"1339",209,478,812,2888,2562,594928
"1340",115,1403,1470,2744,1428,364952
"1341",137,2627,955,5320,3431,798000
"1342",292,1880,2374,6093,8084,1894923
"1344",237,949,2334,13170,13070,3094950
"1345",185,1003,2503,12876,10127,2394936
"1346",165,623,1607,5899,4482,1050022
"1347",124,883,1822,9811,5502,1295052
"1348",189,1320,1711,4877,4240,994908
"1349",109,9033,2288,9643,4594,1080016
"1350",117,584,1424,3211,1705,394953
"1351",125,1578,1329,7773,4223,994944
"1352",192,27001,1866,12567,10015,2350029
"1353",122,360,1373,5559,3863,894999
"1354",114,845,1262,3367,2162,494949
"1356",249,1004,1885,5407,5753,1395006
"1357",124,1808,1349,6057,3193,745011
"1358",162,1056,2549,6369,4304,999933
"1359",105,1516,2351,4526,2264,525016
"1360",106,1672,2359,15300,9792,2295000
"1361",182,708,1606,3912,3797,844992
"1362",148,556,1152,1879,1254,295003
"1364",216,600,2052,2663,2998,695043
"1365",137,745,1424,5559,3419,794937
"1366",185,1375,1590,3670,3163,745010
"1367",100,383,921,4369,1930,450007
"1368",114,543,931,3405,1686,394980
"1369",114,1025,967,3304,1631,379960
"1371",110,460,902,4412,1998,525028
"1372",204,3635,855,3409,2568,674982
"1373",146,700,966,2833,1625,424950
"1374",200,1300,2095,7811,7233,1694987
"1375",207,672,2335,10929,9399,2295090
"1376",136,11908,2190,8516,8927,2094936
"1377",217,1690,2258,18242,18190,3994998
"1378",153,1016,2010,9006,6386,1494996
"1379",104,883,1006,3182,1361,350020
"1380",198,3025,1480,11967,10044,2525037
"1382",116,1860,1010,2016,955,249984
"1383",83,605,1127,7965,2765,684990
"1384",120,1033,1133,2226,1259,324996
"1386",124,615,1381,4560,3088,725040
"1387",198,1453,2243,7668,6764,1594944
"1388",104,674,1405,6151,3311,775026
"1391",112,3146,1044,4958,2302,594960
"1392",73,661,1616,10139,4158,1095012
"1393",255,91263,2290,15130,13236,3495030
"1397",158,26749,1421,7460,6001,1395020
"1398",210,1369,3007,8657,8264,2094994
"1399",163,4937,1963,4485,4493,1045005
"1400",239,5417,1437,3933,3784,995049
"1402",350,4838,1769,4296,5978,1495008
"1403",119,633,1260,4713,2333,574986
"1404",125,774,2607,14690,8173,1895010
"1405",217,838,2815,8761,8266,1944942
"1406",120,4527,1214,12262,6616,1545012
"1408",108,889,1333,3591,1722,395010
"1409",308,968,4238,16595,19941,4995095
"1410",173,811,3111,16547,13500,2995007
"1412",101,879,2662,14835,8139,1795035
"1413",108,761,2523,9777,4752,1095024
"1414",156,716,3390,18047,12838,3049943
"1415",163,716,2574,12932,8885,2094984
"1416",171,685,3529,15206,15713,3695058
"1417",82,2526,3308,23252,10157,2394956
"1418",125,843,3142,19688,13439,3150080
"1419",98,2000,1931,6938,3671,895002
"1420",107,705,2059,15636,8006,1845048
"1421",216,1211,2753,13745,13401,3175095
"1422",186,820,2726,13602,11103,2597982
"1423",319,2262,3691,7274,9989,2494982
"1424",123,1354,2714,13308,11430,2595060
"1426",175,780,2374,12127,9311,2194987
"1427",146,768,2642,23292,11804,2795040
"1428",130,905,1746,4375,2676,595000
"1429",98,562,1304,4760,2134,495040
"1430",172,945,1560,5621,4237,994917
"1431",164,871,1767,5296,3783,895024
"1432",140,619,1425,4760,2975,694960
"1433",279,20000,2982,6339,13993,3194856
"1434",130,633,1567,4810,2744,658970
"1435",114,510,1186,3376,1756,394992
"1436",90,975,1292,4596,1957,455004
"1437",143,727,1755,6217,4020,944984
"1438",96,6032,2057,3133,2117,495014
"1441",125,676,1804,15063,9753,2395017
"1442",191,11058,1363,6356,4936,1194928
"1443",137,1344,1289,3398,2478,598048
"1444",437,2367,1942,4672,7516,1994944
"1445",106,901,1511,6703,3804,925014
"1446",180,613,1270,5497,3995,994957
"1447",150,1398,1375,6220,4287,1044960
"1448",102,1142,1167,5409,2281,594990
"1450",108,1730,1319,4877,2429,594994
"1451",242,2862,2309,4144,4575,1065008
"1452",124,1058,1724,9192,4843,1194960
"1453",187,956,1482,7228,5367,1395004
"1454",152,1111,1141,3931,2765,625029
"1456",80,1018,1341,13182,6020,1595022
"1457",222,1436,2251,6717,8443,1994949
"1458",169,947,2040,12684,9516,2245068
"1459",146,1054,1765,10594,6903,1695040
"1461",186,826,6370,28970,28683,6750010
"1464",129,560,1055,2252,1257,295012
"1466",142,1096,3480,19014,11936,2795058
"1469",124,780,2623,8615,10251,2394970
"1470",142,759,2910,11039,8403,1964942
"1471",150,1492,2962,8228,7281,1694968
"1472",138,800,2651,15938,9795,2295072
"1474",287,998,3611,14796,17093,3994920
"1475",192,848,3083,15872,13252,3095040
"1476",154,990,2895,8081,6406,1494985
"1477",166,733,2346,18911,14470,3385069
"1478",160,735,2861,11250,7899,1845000
"1480",235,9185,5409,35694,40049,8994888
"1481",136,825,1172,3036,1833,425040
"1482",136,685,854,4220,2567,595020
"1483",172,1580,1623,3131,2793,695082
"1484",84,777,952,2797,2140,495069
"1485",107,1003,1213,3309,1945,450024
"1486",83,5837,1598,5738,4289,1050054
"1488",190,2174,2391,7245,6122,1420020
"1489",141,769,1807,4710,2952,649980
"1490",88,637,1656,10258,4154,995026
"1492",108,754,4132,29768,20921,4494968
"1493",172,1275,1424,5587,4480,1095052
"1494",107,883,1314,2823,1353,318999
"1495",101,403,986,4698,2326,544968
"1497",83,1500,1140,2586,938,224982
"1498",122,649,4614,45256,22699,5294952
"1500",127,570,1081,5305,3037,694955
"1501",130,1026,1368,5599,3065,795058
"1502",104,1169,1655,6557,2859,695042
"1503",102,557,1865,6411,3418,794964
"1504",230,565,3005,13900,14183,3349900
"1505",197,906,1727,6611,5941,1394921
"1506",199,1254,2815,17049,14853,3495045
"1507",107,858,2018,10864,5099,1195040
"1508",104,1380,1716,5814,3198,750006
"1509",121,2339,1869,5521,3395,795024
"1510",179,4770,2681,9400,6959,1645000
"1511",140,690,1615,4112,2810,694928
"1512",132,1021,1658,6910,4253,995040
"1514",184,1776,3413,7746,6363,1494978
"1515",118,800,1787,12154,6359,1494942
"1516",98,915,1164,5950,2746,595000
"1517",83,260,1505,9353,3487,795005
"1518",110,785,2010,14115,6780,1594995
"1520",106,700,1851,15885,7616,1795005
"1521",236,1638,1768,7610,8060,1894890
"1522",176,970,3245,9016,7181,1695008
"1523",135,1139,2841,10445,8508,1994995
"1524",240,5625,2333,8574,9910,2194944
"1525",238,18950,2543,7150,9315,2195050
"1526",195,2124,2191,8144,6552,1645088
"1527",77,793,1075,5824,2137,495040
"1528",184,16685,2303,11034,9685,2295072
"1531",118,730,3186,16973,10474,2495031
"1532",180,1066,3099,17888,17374,4150016
"1534",135,1027,2461,14274,10070,2398032
"1535",216,1130,4025,22246,23835,5694976
"1536",150,17987,2683,28543,20913,4995025
"1538",209,171441,1792,17056,15529,3649984
"1539",127,897,1289,5679,3431,795060
"1540",175,810,1369,4027,3231,744995
"1542",145,958,1428,6290,4188,974950
"1543",144,1071,1319,4422,2617,650034
"1544",174,1225,1428,3768,3029,795048
"1545",170,1561,1199,4466,3040,794948
"1546",183,845,1426,3234,2281,595056
"1548",148,913,1249,3673,2288,595026
"1549",115,690,1290,2801,1700,394941
"1550",150,1176,1367,4715,3426,744970
"1551",93,349,781,5129,2281,594964
"1552",120,1250,1318,4472,2367,550056
"1553",97,1075,1013,3867,1976,494976
"1554",117,1348,1258,4561,2775,675028
"1555",146,1788,1248,4240,2872,725040
"1556",127,1216,892,4067,2345,544978
"1557",85,502,1107,4570,1888,425010
"1558",188,700,1379,2886,2753,634920
"1559",96,1034,1543,9318,4404,1024980
"1560",76,935,1299,6646,2354,544972
"1561",84,706,1510,6467,2580,594964
"1563",132,454,1929,16748,10252,2394964
"1564",148,763,1987,10095,6748,1595010
"1566",152,127345,2223,19108,13538,2999956
"1568",217,6002,3001,14350,13632,3200050
"1569",120,1108,2253,8475,5125,1194975
"1570",79,1034,1459,5843,2244,520027
"1571",133,6551,1623,3125,3115,725000
"1572",96,560,1374,4658,2267,544986
"1573",100,787,1271,4542,2338,545040
"1574",130,684,1472,5090,3440,844940
"1575",155,580,2261,11225,7195,1694975
"1577",151,645,2097,11345,6974,1645025
"1578",100,700,1978,10973,4999,1239949
"1579",191,6217,4089,13184,11829,2795008
"1581",120,753,1631,14633,6406,1594997
"1582",180,1247,2661,12051,9341,2145078
"1585",108,686,1513,5265,3412,795015
"1586",110,236,1508,5265,2688,694980
"1587",130,825,1354,5540,3305,770060
"1589",101,370,1561,5775,3206,744975
"1590",120,360,974,5605,3117,695020
"1591",79,191,1118,10305,3326,845010
"1592",109,229,1307,6712,3202,745032
"1593",114,864,1297,5073,2993,695001
"1594",93,780,1588,6202,2612,645008
"1595",120,343,1385,4760,2348,595000
"1597",217,21146,2671,20963,27219,6750086
"1599",127,778,2133,7425,4311,994950
"1601",199,1095,2448,8313,8973,1995120
"1603",96,895,1820,11927,6003,1300043
"1604",170,1020,1857,6105,4549,1050060
"1605",240,10128,3365,18141,18174,4244994
"1606",101,958,1735,6115,3468,794950
"1607",257,2341,5889,49806,48000,12849948
"1609",179,665,2272,14835,11428,2699970
"1610",246,1229,3750,14899,15248,3694952
"1612",60,217,910,7676,2352,544996
"1613",169,553,1788,9971,7433,1744925
"1615",420,2353,2386,8161,14452,3394976
"1616",110,1026,1776,4132,2575,595008
"1617",230,19900,1966,11855,16960,3995135
"1619",109,803,1290,5242,2802,650008
"1620",146,705,1345,5594,3852,895040
"1621",330,1562,2644,4194,3549,884934
"1622",164,709,4186,25938,23087,5395104
"1624",111,701,1966,10654,6204,1448944
"1626",176,13500,2019,3840,3014,695040
"1627",140,1661,1318,2885,1960,450060
"1628",157,13235,2363,5795,8173,1894965
"1629",82,1147,1288,5952,3236,749952
"1630",135,642,1396,5686,4278,995050
"1631",131,725,1583,4818,3413,794970
"1632",162,806,1211,5152,3635,850080
"1634",189,38890,2169,4496,6595,1650032
"1635",267,691,3062,4962,5565,1295082
"1637",139,693,1308,5174,2993,745056
"1638",109,394,1226,6593,3003,745009
"1639",87,164,1315,8641,3423,794972
"1640",245,593,1362,2146,2142,545084
"1642",132,715,1425,4722,2553,594972
"1643",134,900,1357,5599,3117,795058
"1645",117,1119,991,6463,3410,794949
"1646",100,700,1643,7304,3065,745008
"1647",80,680,850,6398,2347,595014
"1648",92,189,966,8933,3117,795037
"1649",84,566,1155,2950,1145,295000
"1650",183,980,2122,4319,3379,824929
"1651",140,925,1479,5265,3022,795015
"1653",104,410,928,3319,1508,375047
"1654",140,1960,1180,3897,3025,794988
"1656",75,219,672,3224,1028,245024
"1658",94,3001,1014,2521,1321,294957
"1659",115,3947,812,3639,2199,574962
"1660",214,1109,1272,2668,2900,675004
"1661",110,830,1200,3319,1706,394961
"1662",117,1240,1010,5000,2743,595000
"1663",137,1323,1776,7425,4113,994950
"1664",289,2280,2123,2704,3440,794976
"1665",100,6660,780,5509,2591,594972
"1666",115,1007,1128,8902,4840,1094946
"1667",643,5042,2284,2437,6575,1545058
"1668",236,2850,2333,2297,2425,594923
"1669",132,1160,1423,4901,2034,495001
"1670",226,2001,1813,6352,6638,1549888
"1672",192,881,1879,7045,5993,1394910
"1673",117,767,1415,7231,3774,874951
"1674",142,1997,1179,8333,6638,1549938
"1675",110,822,1870,13496,6527,1525048
"1676",82,402,1022,8274,3013,695016
"1677",160,2148,1518,3968,3260,749952
"1679",152,1119,1731,4902,3031,750006
"1680",121,375,951,2891,1835,424977
"1681",207,876,2379,8897,8080,1895061
"1683",157,836,2692,13611,11481,2694978
"1684",121,817,2449,20285,11382,2495055
"1686",260,837,3231,10668,12703,2795016
"1687",149,1396,3385,18512,16049,3794960
"1688",110,1876,1296,7716,3529,895056
"1689",158,690,1368,12391,8419,1994951
"1690",103,1380,1850,4711,3977,895090
"1691",109,865,1696,10278,5515,1295028
"1692",202,1297,1993,13250,11476,2650000
"1695",118,721,1677,6910,4272,995040
"1698",197,556,1944,9684,8163,1994904
"1699",220,891,1802,4751,4257,1049971
"1700",96,1185,1266,2960,1267,298960
"1701",202,2170,1641,4238,3699,945074
"1702",196,2576,1740,4409,3718,895027
"1704",104,1204,1408,3859,2468,574991
"1705",135,1132,1436,7660,5078,1194960
"1706",97,389,1127,5450,2334,545000
"1707",234,590,1417,2532,2557,595020
"1708",134,565,1366,4776,3175,745056
"1709",186,953,1810,1944,1648,384912
"1710",175,1035,1768,10085,7555,1785045
"1711",140,980,1808,5788,3598,845048
"1712",116,800,3233,18639,13469,3149991
"1713",121,653,2976,26944,14585,3394944
"1715",141,748,2646,17276,11559,2695056
"1716",120,802,2291,14577,8116,1895010
"1717",288,2413,2792,23122,14659,3398934
"1718",120,930,1392,5369,3017,697970
"1719",217,714,2102,5107,5502,1195038
"1721",158,876,1727,7440,5304,1249920
"1722",200,18320,2045,5488,5761,1350048
"1723",154,889,1529,4213,3227,749914
"1724",166,690,1468,6351,5043,1174935
"1725",193,1111,1906,9925,9112,1994925
"1726",131,850,1233,14650,8176,2094950
"1728",152,854,1594,4747,3223,750026
"1729",83,1000,758,4320,1928,444960
"1730",136,816,1049,4839,3203,750045
"1731",187,3112,1377,3601,3205,749008
"1732",177,5564,2806,9571,8077,1895058
"1733",58,598,1181,4545,1612,349965
"1734",208,39469,2515,9322,8736,1994908
"1735",64,521,996,5130,1697,395010
"1736",157,840,1338,6258,4094,995022
"1737",222,510,1097,2302,2166,494930
"1738",157,538,1358,2982,2151,495012
"1739",160,1977,1291,3505,2773,644920
"1740",159,720,1918,7952,6010,1494976
"1741",214,1074,2604,7399,6965,1649977
"1742",197,920,2513,8268,7693,1694940
"1743",255,1516,2880,8154,10513,2495124
"1744",169,826,1500,5367,4299,949959
"1746",113,1202,1980,8209,4486,1100006
"1747",243,1205,3408,11654,12680,2995078
"1748",169,547,6102,60183,50158,11494953
"1749",140,470,5394,66399,40936,9495057
"1750",103,624,5237,39993,27851,5998950
"1751",182,827,5931,33122,25394,5995082
"1753",155,983,6093,41433,28880,6795012
"1754",157,929,4566,33084,21661,5094936
"1755",126,911,3930,34091,19139,4500012
"1756",180,908,4658,34063,25457,5995088
"1758",201,1214,2456,5054,5295,1394904
"1759",145,516,1762,8750,5179,1295000
"1760",391,4097,2578,11756,18691,4584840
"1761",245,2418,2906,6700,7767,1695100
"1762",218,939,1697,6795,6395,1494900
"1763",254,1124,2022,3609,3852,895032
"1764",364,5191,2646,10063,16999,3995011
"1765",189,1471,2593,8756,8222,1794980
"1766",158,881,2182,6258,4280,995022
"1767",172,572,1909,6867,6585,1545075
"1768",167,910,1977,7012,5128,1199052
"1769",163,521,1975,6156,4518,984960
"1770",130,803,1931,4188,2779,644952
"1771",146,665,1890,6300,4040,945000
"1772",331,7042,4503,13070,16524,3894860
"1773",149,818,1774,6204,3641,849948
"1775",190,1379,2261,12847,11039,2595094
"1777",190,403,1949,5872,4900,1145040
"1778",197,678,2084,7118,6215,1444954
"1779",150,670,1824,3947,3215,749930
"1780",130,1071,2029,10257,5940,1394952
"1781",176,819,2415,9972,7394,1794960
"1782",210,3905,2543,3609,3870,895032
"1783",85,620,1493,5420,2706,644980
"1784",212,578,6567,33745,36803,8200035
"1786",117,598,5789,49621,31227,7195045
"1787",110,365,5895,68804,41036,9494952
"1788",122,382,4798,55042,28301,6494956
"1789",85,526,6555,59876,31199,7244996
"1790",175,768,8078,43458,47561,10994874
"1791",209,765,7753,47411,53154,11994983
"1792",108,344,4513,37876,25033,5795028
"1795",90,1312,2497,7500,3260,750000
"1796",207,956,1731,4163,3863,895045
"1798",181,749,1744,9497,7671,1794933
"1799",709,15925,3264,17500,45047,10500000
"1800",163,1957,3018,17652,14922,3495096
"1801",150,487,2582,14551,5565,1295039
"1803",141,338,2091,9215,6796,1584980
"1804",105,597,1381,4541,2162,494969
"1805",153,4228,1499,5462,4579,1065090
"1806",188,704,2433,10445,8542,1994995
"1807",151,700,1771,7535,5190,1198065
"1808",111,805,1542,6737,3463,794966
"1809",159,218,1893,17000,6855,1598000
"1810",158,1183,3112,13303,9392,2194995
"1811",172,1398,2098,10516,8556,1998040
"1812",120,520,2576,19046,10669,2495026
"1813",140,748,2448,12413,7602,1775059
"1814",170,352,1906,21138,17049,3995082
"1815",190,19083,2458,7910,6416,1494990
"1817",101,1343,1817,4752,2516,574992
"1818",167,14000,1780,8899,6462,1495032
"1819",160,825,2739,16267,11927,2797924
"1820",183,527,1565,4433,3452,797940
"1821",116,517,1716,6870,3639,845010
"1822",125,496,1418,3595,2386,550035
"1823",161,1340,1393,4394,3679,848042
"1824",200,547,1704,7401,6416,1495002
"1825",150,1200,1609,4297,3439,794945
"1826",268,84529,6944,12838,10154,2375030
"1827",118,634,2004,5933,3463,795022
"1829",130,213,1726,11503,8130,1897995
"1830",152,664,1413,12469,8542,1995040
"1831",150,463,1889,9698,6191,1445002
"1832",97,718,2221,15351,7544,1750014
"1833",223,1154,9625,39618,47306,10894950
"1834",126,1020,6894,51842,29959,6894986
"1835",86,1188,8085,72540,39067,8994960
"1837",90,1380,1321,3241,1499,350028
"1838",136,3318,1555,6348,3495,895068
"1839",190,1004,2765,11256,8573,2194920
"1841",126,674,1256,6486,3852,895068
"1842",215,1112,2929,19528,17214,4589080
"1843",122,570,1589,6780,3847,894960
"1845",155,1134,1991,8214,6374,1494948
"1846",206,1164,2713,11825,11418,2495075
"1847",147,1195,1532,6912,5386,1175040
"1852",167,1452,1504,6222,4693,1095072
"1853",96,596,1288,8416,3350,850016
"1854",211,830,2206,7119,5647,1494990
"1855",108,1186,1755,10455,6204,1495065
"1856",98,1081,1215,4714,2156,494970
"1857",105,595,1646,10167,4857,1098036
"1858",84,525,940,1726,809,195038
"1859",196,3720,1537,3042,2478,574938
"1860",268,1152,2204,8438,9411,2295136
"1861",121,355,1363,10360,5492,1295000
"1862",91,743,1739,7656,3363,734976
"1863",178,3105,2308,4048,3431,850080
"1864",153,760,1363,3624,2965,684936
"1865",128,1026,1498,3864,2569,595056
"1868",98,563,967,3125,1395,325000
"1869",210,863,2188,6726,7302,1694952
"1870",170,827,1349,5856,4738,1095072
"1871",134,700,1653,8237,4940,1144943
"1874",272,961,1799,7646,9012,2095004
"1875",224,2123,1702,6047,3882,894956
"1876",70,600,920,4259,1485,344979
"1877",112,261,894,4958,2581,594960
"1878",150,1004,1371,4461,3205,744987
"1879",154,840,1209,2673,1857,425007
"1880",152,5516,2428,14806,9867,2294930
"1881",340,1926,2942,9708,14996,3494880
"1882",195,986,1616,5129,4278,995026
"1883",212,3165,1197,6890,7247,1694940
"1884",157,719,1745,8558,5974,1394954
"1885",180,806,1858,8730,6941,1615050
"1886",86,505,1004,4389,1722,395010
"1887",148,1460,748,2978,2357,544974
"1888",155,26582,1490,2513,2134,490035
"1889",154,788,1612,7155,5556,1295055
"1890",154,679,1755,6748,4724,1099924
"1891",229,21986,1687,6416,6407,1494928
"1892",120,2227,1881,6643,5993,1395030
"1893",224,2786,2506,9070,9282,2194940
"1894",327,900,2382,10644,10077,2394900
"1896",173,1621,1229,4721,3623,845059
"1897",153,587,1244,4274,3023,794964
"1898",130,592,1305,4343,2576,594991
"1899",100,824,1423,4484,3000,695020
"1900",130,706,1223,3142,2019,465016
"1901",139,1101,1226,4075,2576,594950
"1902",107,688,5912,53808,30180,6995040
"1903",128,755,5131,40373,27888,6500053
"1905",245,1167,6104,23704,28216,6494896
"1907",130,4700,2369,8737,7203,1694978
"1908",151,7239,1557,5751,4415,994923
"1909",210,725,2052,11570,10173,2394990
"1910",132,785,1914,10211,7203,1695026
"1911",207,754,2172,8923,7212,1864907
"1912",211,1169,2729,13465,12296,2894975
"1913",120,1226,2136,6102,3338,774954
"1914",140,767,1640,7842,4885,1144932
"1915",155,880,1866,10084,7611,1794952
"1916",141,2500,1375,5265,4252,995085
"1917",187,1170,1801,5387,4163,975047
"1918",97,814,1457,5777,2565,595031
"1919",108,718,1574,8361,4252,994959
"1922",248,1047,2207,4742,5067,1194984
"1924",170,2109,1837,2578,2143,494976
"1926",180,919,1988,5265,4252,995085
"1927",135,4354,1240,3451,3141,735063
"1928",104,836,1344,5614,2742,639996
"1929",141,916,1556,7331,4611,1084988
"1930",176,843,1616,7406,5894,1384922
"1931",156,857,1892,7516,5095,1195044
"1932",105,2779,1540,5305,2987,694955
"1933",150,1009,1432,5226,3940,925002
"1935",231,2414,4270,18987,19184,4499919
"1936",75,398,1963,12134,4277,994988
"1937",184,700,3246,21078,18298,4299912
"1938",123,457,1785,6360,3429,795000
